"Year","Day","Title","Comments","Thread","Leader","P1 LOC","P2 LOC","Gram","Str","Math","Sptl","Img","Cell","Grid","Grph","Path","BFS","DFS","Dyn","Memo","Opt","Log","Bit","VM","Rev","Sim","Inp","Scal"
2015,1,"Not Quite Lisp",179,"https://www.reddit.com/r/programming/comments/3uyl7s/daily_programming_puzzles_at_advent_of_code/","3'06'16",8,12,,"X",,,,,,,,,,,,,,,,,,,
2015,2,"I Was Told There Would Be No Math",165,"https://www.reddit.com/r/adventofcode/comments/3v3w2f/day_2_solutions/","0'43'44",9,6,,,"X",,,,,,,,,,,,,,,,,,
2015,3,"Perfectly Spherical Houses in a Vacuum",232,"https://www.reddit.com/r/adventofcode/comments/3v8roh/day_3_solutions/","0'27'58",14,18,,,,,,,"X",,,,,,,,,,,,,,
2015,4,"The Ideal Stocking Stuffer",276,"https://www.reddit.com/r/adventofcode/comments/3vdn8a/day_4_solutions/","0'16'25",10,10,,"X",,,,,,,,,,,,,,,,,,,
2015,5,"Doesn't He Have Intern-Elves For This?",143,"https://www.reddit.com/r/adventofcode/comments/3viazx/day_5_solutions/","0'27'45",15,14,"X",,,,,,,,,,,,,,,,,,,,
2015,6,"Probably a Fire Hazard",175,"https://www.reddit.com/r/adventofcode/comments/3vmltn/day_6_solutions/","0'26'21",20,18,,,,,,,"X",,,,,,,,,,,,,,
2015,7,"Some Assembly Required",227,"https://www.reddit.com/r/adventofcode/comments/3vr4m4/day_7_solutions/","1'02'12",41,45,,,,,,,,,,,,,,,"X","X",,,,,
2015,8,"Matchsticks",201,"https://www.reddit.com/r/adventofcode/comments/3vw32y/day_8_solutions/","0'23'13",26,16,"X",,,,,,,,,,,,,,,,,,,,
2015,9,"All in a Single Night",180,"https://www.reddit.com/r/adventofcode/comments/3w192e/day_9_solutions/","0'31'23",25,25,,,,,,,,"X",,,"X",,,,,,,,,,
2015,10,"Elves Look, Elves Say",212,"https://www.reddit.com/r/adventofcode/comments/3w6h3m/day_10_solutions/","0'12'07",19,19,,"X",,,,,,,,,,,,,,,,,,,
2015,11,"Corporate Policy",169,"https://www.reddit.com/r/adventofcode/comments/3wbzyv/day_11_solutions/","0'24'24",30,33,"X",,,,,,,,,,,,,,,,,,,,
2015,12,"JSAbacusFramework.io",185,"https://www.reddit.com/r/adventofcode/comments/3wh73d/day_12_solutions/","0'25'41",2,18,"X",,,,,,,,,,,,,,,,,,,,
2015,13,"Knights of the Dinner Table",156,"https://www.reddit.com/r/adventofcode/comments/3wm0oy/day_13_solutions/","0'24'19",23,27,,,,,,,,"X",,,,,,"X",,,,,,,
2015,14,"Reindeer Olympics",163,"https://www.reddit.com/r/adventofcode/comments/3wqtx2/day_14_solutions/","0'26'04",14,19,,,,,,,,,,,,,,,,,,,"X",,
2015,15,"Science for Hungry People",176,"https://www.reddit.com/r/adventofcode/comments/3wwj84/day_15_solutions/","0'32'18",24,26,,,"X",,,,,,,,,,,"X",,,,,,,
2015,16,"Aunt Sue",144,"https://www.reddit.com/r/adventofcode/comments/3x1i26/day_16_solutions/","0'18'15",19,19,,,,,,,,,,,,,,,"X",,,,,,
2015,17,"No Such Thing as Too Much",175,"https://www.reddit.com/r/adventofcode/comments/3x6cyr/day_17_solutions/","0'17'29",8,10,,,,,,,,,,,,,,"X",,,,,,,
2015,18,"Like a GIF For Your Yard",113,"https://www.reddit.com/r/adventofcode/comments/3xb3cj/day_18_solutions/","0'29'41",25,33,,,,,,"X",,,,,,,,,,,,,,,
2015,19,"Medicine for Rudolph",126,"https://www.reddit.com/r/adventofcode/comments/3xflz8/day_19_solutions/","3'52'11",18,26,"X",,,,,,,,,"X",,,,,,,,,,,
2015,20,"Infinite Elves and Infinite Houses",130,"https://www.reddit.com/r/adventofcode/comments/3xjpp2/day_20_solutions/","1'03'57",10,10,,,"X",,,,,,,,,,,"X",,,,,,,
2015,21,"RPG Simulator 20XX",129,"https://www.reddit.com/r/adventofcode/comments/3xnyoi/day_21_solutions/","0'45'43",42,42,,,,,,,,,,,,,,"X",,,,,"X",,
2015,22,"Wizard Simulator 20XX",111,"https://www.reddit.com/r/adventofcode/comments/3xspyl/day_22_solutions/","3'03'05",55,59,,,,,,,,,,,,,,"X",,,,,"X",,
2015,23,"Opening the Turing Lock",157,"https://www.reddit.com/r/adventofcode/comments/3xxdxt/day_23_solutions/","0'29'26",34,34,,,,,,,,,,,,,,,,,"X",,,,
2015,24,"It Hangs in the Balance",114,"https://www.reddit.com/r/adventofcode/comments/3y1s7f/day_24_solutions/","0'56'02",30,36,,,,,,,,,,"X",,,,"X",,,,,,,
2015,25,"Let It Snow",98,"https://www.reddit.com/r/adventofcode/comments/3y5jco/day_25_solutions/","0'15'47",13,,,,,,,,"X",,,,,,,,,,,,,,
2016,1,"No Time for a Taxicab",228,"https://www.reddit.com/r/adventofcode/comments/5fur6q/2016_day_1_solutions/","0'38'49",11,18,,,,,,,"X",,,,,,,,,,,,,,
2016,2,"Bathroom Security",211,"https://www.reddit.com/r/adventofcode/comments/5g1hfm/2016_day_2_solutions/","0'19'10",14,21,,,,,,,"X",,,,,,,,,,,,,,
2016,3,"Squares With Three Sides",236,"https://www.reddit.com/r/adventofcode/comments/5g80ck/2016_day_3_solutions/","0'12'07",6,11,,,"X",,,,,,,,,,,,,,,,,,
2016,4,"Security Through Obscurity",170,"https://www.reddit.com/r/adventofcode/comments/5gdvve/2016_day_4_solutions/","0'26'44",11,12,"X","X","X",,,,,,,,,,,,,,,,,,
2016,5,"How About a Nice Game of Chess?",190,"https://www.reddit.com/r/adventofcode/comments/5gk2yv/2016_day_5_solutions/","0'17'32",13,19,,"X",,,,,,,,,,,,,,,,,,,
2016,6,"Signals and Noise",224,"https://www.reddit.com/r/adventofcode/comments/5gr0xf/2016_day_6_solutions/","0'06'16",4,4,,"X",,,,,,,,,,,,,,,,,,,
2016,7,"Internet Protocol Version 7",181,"https://www.reddit.com/r/adventofcode/comments/5gy1f2/2016_day_7_solutions/","0'26'33",19,24,"X",,,,,,,,,,,,,,,,,,,,
2016,8,"Two-Factor Authentication",197,"https://www.reddit.com/r/adventofcode/comments/5h52ro/2016_day_8_solutions/","0'22'55",23,21,,,,,,,"X",,,,,,,,,,,,,,
2016,9,"Explosives in Cyberspace",155,"https://www.reddit.com/r/adventofcode/comments/5hbygy/2016_day_9_solutions/","0'32'33",16,17,,"X",,,,,,,,,,,,,,,,,,,"X"
2016,10,"Balance Bots",118,"https://www.reddit.com/r/adventofcode/comments/5hijk5/2016_day_10_solutions/","0'36'37",35,36,,,,,,,,,,,,,,,"X",,,,,,
2016,11,"Radioisotope Thermoelectric Generators",121,"https://www.reddit.com/r/adventofcode/comments/5hoia9/2016_day_11_solutions/","2'44'15",69,73,,,,,,,,,,"X",,,,"X","X",,,,,"X",
2016,12,"Leonardo's Monorail",167,"https://www.reddit.com/r/adventofcode/comments/5hus40/2016_day_12_solutions/","0'18'10",29,29,,,,,,,,,,,,,,,,,"X",,,,
2016,13,"A Maze of Twisty Little Cubicles",103,"https://www.reddit.com/r/adventofcode/comments/5i1q0h/2016_day_13_solutions/","0'30'14",26,28,,,,,,,"X",,"X","X",,,,,,"X",,,,,
2016,14,"One-Time Pad",111,"https://www.reddit.com/r/adventofcode/comments/5i8pzz/2016_day_14_solutions/","0'42'10",30,31,,"X",,,,,,,,,,,,,,,,,,,"X"
2016,15,"Timing is Everything",121,"https://www.reddit.com/r/adventofcode/comments/5ifn4v/2016_day_15_solutions/","0'12'42",8,12,,,"X",,,,,,,,,,,,,,,,,,
2016,16,"Dragon Checksum",116,"https://www.reddit.com/r/adventofcode/comments/5imh3d/2016_day_16_solutions/","0'13'30",13,13,"X",,,,,,,,,,,,,,,,,,,,
2016,17,"Two Steps Forward",77,"https://www.reddit.com/r/adventofcode/comments/5isvxv/2016_day_17_solutions/","0'29'15",17,19,,"X",,,,,"X",,,"X",,,,,,,,,,,
2016,18,"Like a Rogue",104,"https://www.reddit.com/r/adventofcode/comments/5iyp50/2016_day_18_solutions/","0'13'09",10,10,,,,,,"X",,,,,,,,,,,,,,,
2016,19,"An Elephant Named Joseph",130,"https://www.reddit.com/r/adventofcode/comments/5j4lp1/2016_day_19_solutions/","1'20'07",12,14,,,,,,,,,,,,,,,,,,,"X",,
2016,20,"Firewall Rules",168,"https://www.reddit.com/r/adventofcode/comments/5jbeqo/2016_day_20_solutions/","0'21'04",12,15,,,,,,,,,,,,,,"X","X",,,,,,
2016,21,"Scrambled Letters and Hash",83,"https://www.reddit.com/r/adventofcode/comments/5ji29h/2016_day_21_solutions/","0'52'56",33,39,,,,,,,,,,,,,,,,,"X",,,,
2016,22,"Grid Computing",82,"https://www.reddit.com/r/adventofcode/comments/5jor9q/2016_day_22_solutions/","1'28'15",14,42,,,,,,,"X",,"X",,,,,,,,,,,"X",
2016,23,"Safe Cracking",91,"https://www.reddit.com/r/adventofcode/comments/5jvbzt/2016_day_23_solutions/","0'55'39",38,45,,,,,,,,,,,,,,,,,"X","X",,,
2016,24,"Air Duct Spelunking",90,"https://www.reddit.com/r/adventofcode/comments/5k1he1/2016_day_24_solutions/","0'58'50",31,31,,,,,,,"X",,"X",,,,"X","X",,,,,,,
2016,25,"Clock Signal",45,"https://www.reddit.com/r/adventofcode/comments/5k6yfu/2016_day_25_solutions/","0'24'47",39,,,,,,,,,,,,,,,"X",,,"X",,,,
2017,1,"Inverse Captcha",391,"https://www.reddit.com/r/adventofcode/comments/7gsrc2/2017_day_1_solutions/","0'06'08",7,8,,"X",,,,,,,,,,,,,,,,,,,
2017,2,"Corruption Checksum",361,"https://www.reddit.com/r/adventofcode/comments/7h0rnm/2017_day_2_solutions/","0'06'13",6,11,,,"X",,,,,,,,,,,,,,,,,,
2017,3,"Spiral Memory",307,"https://www.reddit.com/r/adventofcode/comments/7h7ufl/2017_day_3_solutions/","0'23'19",12,19,,,,,,,"X",,,,,,,,,,,,,,
2017,4,"High-Entropy Passphrases",325,"https://www.reddit.com/r/adventofcode/comments/7hf5xb/2017_day_4_solutions/","0'03'40",7,7,,"X",,,,,,,,,,,,,,,,,,,
2017,5,"A Maze of Twisty Trampolines, All Alike",417,"https://www.reddit.com/r/adventofcode/comments/7hngbn/2017_day_5_solutions/","0'04'46",10,13,,,,,,,,,,,,,,,,,"X",,,,
2017,6,"Memory Reallocation",335,"https://www.reddit.com/r/adventofcode/comments/7hvtoq/2017_day_6_solutions/","0'09'30",17,17,,,,,,,,,,,,,"X",,,,,,,,
2017,7,"Recursive Circus",232,"https://www.reddit.com/r/adventofcode/comments/7i44pg/2017_day_7_solutions/","0'25'21",9,23,,,,,,,,"X",,,"X",,,,,,,,,,
2017,8,"I Heard You Like Registers",353,"https://www.reddit.com/r/adventofcode/comments/7icnff/2017_day_8_solutions/","0'08'22",17,19,,,,,,,,,,,,,,,,,"X",,,,
2017,9,"Stream Processing",294,"https://www.reddit.com/r/adventofcode/comments/7iksqc/2017_day_9_solutions/","0'11'37",22,18,"X",,,,,,,,,,,,,,,,,,,,
2017,10,"Knot Hash",271,"https://www.reddit.com/r/adventofcode/comments/7irzg5/2017_day_10_solutions/","0'25'24",11,15,,"X",,,,,,,,,,,,,,"X",,,"X",,
2017,11,"Hex Ed",257,"https://www.reddit.com/r/adventofcode/comments/7izym2/2017_day_11_solutions/","0'11'43",22,24,,,,,,,"X",,,,,,,,,,,,,,
2017,12,"Digital Plumber",235,"https://www.reddit.com/r/adventofcode/comments/7j89tr/2017_day_12_solutions/","0'09'06",14,20,,,,,,,,"X",,"X",,,,,,,,,,,
2017,13,"Packet Scanners",206,"https://www.reddit.com/r/adventofcode/comments/7jgyrt/2017_day_13_solutions/","0'21'46",11,15,,,"X",,,,,,,,,,,"X",,,,,,,
2017,14,"Disk Defragmentation",133,"https://www.reddit.com/r/adventofcode/comments/7jpelc/2017_day_14_solutions/","0'25'06",22,41,,,,,,,"X",,,"X",,,,,,"X",,,,,
2017,15,"Dueling Generators",259,"https://www.reddit.com/r/adventofcode/comments/7jxkiw/2017_day_15_solutions/","0'09'32",8,12,,,"X",,,,,,,,,,,,,,,,,,
2017,16,"Permutation Promenade",232,"https://www.reddit.com/r/adventofcode/comments/7k572l/2017_day_16_solutions/","0'26'37",15,26,,,"X",,,,,,,,,,"X",,,,,,"X",,"X"
2017,17,"Spinlock",199,"https://www.reddit.com/r/adventofcode/comments/7kc0xw/2017_day_17_solutions/","0'15'51",7,8,,,"X",,,,,,,,,,,,,,,,,,"X"
2017,18,"Duet",228,"https://www.reddit.com/r/adventofcode/comments/7kj35s/2017_day_18_solutions/","0'41'02",37,52,,,,,,,,,,,,,,,,,"X",,,,
2017,19,"A Series of Tubes",192,"https://www.reddit.com/r/adventofcode/comments/7kr2ac/2017_day_19_solutions/","0'18'04",20,23,,,,,,,"X",,,,,,,,,,,,,,
2017,20,"Particle Swarm",177,"https://www.reddit.com/r/adventofcode/comments/7kz6ik/2017_day_20_solutions/","0'21'33",18,15,,,,"X",,,,,,,,,,"X",,,,,,,
2017,21,"Fractal Art",144,"https://www.reddit.com/r/adventofcode/comments/7l78eb/2017_day_21_solutions/","0'44'51",34,34,,,,,,"X",,,,,,,,,,,,,,,
2017,22,"Sporifica Virus",175,"https://www.reddit.com/r/adventofcode/comments/7lf943/2017_day_22_solutions/","0'20'29",21,24,,,,,,"X",,,,,,,,,,,,,,,
2017,23,"Coprocessor Conflagration",141,"https://www.reddit.com/r/adventofcode/comments/7lms6p/2017_day_23_solutions/","0'54'41",33,39,,,,,,,,,,,,,,,,,"X","X",,,
2017,24,"Electromagnetic Moat",110,"https://www.reddit.com/r/adventofcode/comments/7lte5z/2017_day_24_solutions/","0'21'02",16,16,,,,,,,,,,,"X",,,"X",,,,,,,
2017,25,"The Halting Problem",132,"https://www.reddit.com/r/adventofcode/comments/7lzo3l/2017_day_25_solutions/","0'11'16",24,,,,,,,,,,,,,,,,,,"X",,,"X",
2018,1,"Chronal Calibration",625,"https://www.reddit.com/r/adventofcode/comments/a20646/2018_day_1_solutions/","0'05'28",2,13,,,"X",,,,,,,,,,"X",,,,,,,,
2018,2,"Inventory Management System",426,"https://www.reddit.com/r/adventofcode/comments/a2aimr/2018_day_2_solutions/","0'07'45",8,7,,"X",,,,,,,,,,,,,,,,,,,
2018,3,"No Matter How You Slice It",455,"https://www.reddit.com/r/adventofcode/comments/a2lesz/2018_day_3_solutions/","0'10'17",8,18,,,,,,,"X",,,,,,,,,,,,,,
2018,4,"Repose Record",354,"https://www.reddit.com/r/adventofcode/comments/a2xef8/2018_day_4_solutions/","0'21'37",22,20,,,,,,,,,,,,,,"X",,,,,,,
2018,5,"Alchemical Reduction",524,"https://www.reddit.com/r/adventofcode/comments/a3912m/2018_day_5_solutions/","0'10'20",11,15,"X",,,,,,,,,,,,,"X",,,,,,,
2018,6,"Chronal Coordinates",393,"https://www.reddit.com/r/adventofcode/comments/a3kr4r/2018_day_6_solutions/","0'26'52",22,12,,,,,"X",,,,,,,,,,,,,,,,
2018,7,"The Sum of Its Parts",190,"https://www.reddit.com/r/adventofcode/comments/a3wmnl/2018_day_7_solutions/","0'30'52",18,27,,,,,,,,"X",,,,,,,,,,,,,
2018,8,"Memory Maneuver",307,"https://www.reddit.com/r/adventofcode/comments/a47ubw/2018_day_8_solutions/","0'12'10",14,18,"X",,,,,,,,,,,,,,,,,,,,
2018,9,"Marble Mania",284,"https://www.reddit.com/r/adventofcode/comments/a4i97s/2018_day_9_solutions/","0'29'13",27,28,,,,,,,,,,,,,,,,,,,"X",,"X"
2018,10,"The Stars Align",238,"https://www.reddit.com/r/adventofcode/comments/a4skra/2018_day_10_solutions/","0'16'49",22,17,,,,"X",,,,,,,,,,"X",,,,,,,
2018,11,"Chronal Charge",211,"https://www.reddit.com/r/adventofcode/comments/a53r6i/2018_day_11_solutions/","0'16'12",10,19,,,,,"X",,,,,,,"X",,"X",,,,,,,
2018,12,"Subterranean Sustainability",259,"https://www.reddit.com/r/adventofcode/comments/a5eztl/2018_day_12_solutions/","0'27'42",21,26,,,,,,"X",,,,,,,"X",,,,,,,,"X"
2018,13,"Mine Cart Madness",151,"https://www.reddit.com/r/adventofcode/comments/a5qd71/2018_day_13_solutions/","0'44'25",40,42,,,,,,,"X",,,,,,,,,,,,"X",,
2018,14,"Chocolate Charts",182,"https://www.reddit.com/r/adventofcode/comments/a61ojp/2018_day_14_solutions/","0'19'39",11,17,,"X",,,,,,,,,,,,,,,,,"X",,
2018,15,"Beverage Bandits",126,"https://www.reddit.com/r/adventofcode/comments/a6chwa/2018_day_15_solutions/","2'23'17",81,92,,,,,,,"X",,"X",,,,,"X",,,,,"X",,
2018,16,"Chronal Classification",141,"https://www.reddit.com/r/adventofcode/comments/a6mf8a/2018_day_16_solutions/","0'39'03",37,51,,,,,,,,,,,,,,,"X","X","X",,,,
2018,17,"Reservoir Research",108,"https://www.reddit.com/r/adventofcode/comments/a6wpup/2018_day_17_solutions/","1'24'07",39,38,,,,,,"X","X",,,,,,,,,,,,,,
2018,18,"Settlers of The North Pole",130,"https://www.reddit.com/r/adventofcode/comments/a77xq6/2018_day_18_solutions/","0'21'59",27,33,,,"X",,,"X",,,,,,,"X",,,,,,,,"X"
2018,19,"Go With The Flow",130,"https://www.reddit.com/r/adventofcode/comments/a7j9zc/2018_day_19_solutions/","1'01'06",38,46,,,"X",,,,,,,,,,,,,,"X","X",,,"X"
2018,20,"A Regular Map",153,"https://www.reddit.com/r/adventofcode/comments/a7uk3f/2018_day_20_solutions/","0'59'30",26,26,"X",,,,,,"X","X","X","X",,,,,,,,,,,
2018,21,"Chronal Conversion",93,"https://www.reddit.com/r/adventofcode/comments/a86jgt/2018_day_21_solutions/","1'01'01",40,45,,,,,,,,,,,,,"X","X",,,,"X",,,
2018,22,"Mode Maze",103,"https://www.reddit.com/r/adventofcode/comments/a8i1cy/2018_day_22_solutions/","1'02'36",20,45,,,"X",,,,,,,"X",,,,"X","X",,,,,,
2018,23,"Experimental Emergency Teleportation",208,"https://www.reddit.com/r/adventofcode/comments/a8s17l/2018_day_23_solutions/","1'40'41",8,16,,,,"X",,,,,,,,,,"X",,,,,,,"X"
2018,24,"Immune System Simulator 20XX",64,"https://www.reddit.com/r/adventofcode/comments/a91ysq/2018_day_24_solutions/","1'27'10",54,65,,,,,,,,,,,,,,"X",,,,,"X","X",
2018,25,"Four-Dimensional Adventure",82,"https://www.reddit.com/r/adventofcode/comments/a9c61w/2018_day_25_solutions/","0'13'26",25,,,,,"X",,,,,,"X",,,,,,,,,,,
2019,1,"The Tyranny of the Rocket Equation",752,"https://www.reddit.com/r/adventofcode/comments/e4axxe/2019_day_1_solutions/","0'04'12",7,10,,,"X",,,,,,,,,,,,,,,,,,
2019,2,"1202 Program Alarm",614,"https://www.reddit.com/r/adventofcode/comments/e4u0rw/2019_day_2_solutions/","0'10'42",18,25,,,,,,,,,,,,,,,,,"X",,,,
2019,3,"Crossed Wires",519,"https://www.reddit.com/r/adventofcode/comments/e5bz2w/2019_day_3_solutions/","0'13'43",22,23,,,,,,,"X",,,,,,"X","X",,,,,,,
2019,4,"Secure Container",758,"https://www.reddit.com/r/adventofcode/comments/e5u5fv/2019_day_4_solutions/","0'06'25",9,13,,"X",,,,,,,,,,,,,,,,,,,
2019,5,"Sunny with a Chance of Asteroids",436,"https://www.reddit.com/r/adventofcode/comments/e6carb/2019_day_5_solutions/","0'22'31",37,44,,,,,,,,,,,,,,,,,"X",,,,
2019,6,"Universal Orbit Map",472,"https://www.reddit.com/r/adventofcode/comments/e6tyva/2019_day_6_solutions/","0'11'51",8,24,,,,,,,,"X",,"X",,,,,,,,,,,
2019,7,"Amplification Circuit",360,"https://www.reddit.com/r/adventofcode/comments/e7a4nj/2019_day_7_solutions/","0'30'33",55,70,,,"X",,,,,,,,,,,"X",,,"X",,,,
2019,8,"Space Image Format",430,"https://www.reddit.com/r/adventofcode/comments/e7pkmt/2019_day_8_solutions/","0'10'20",10,15,,,,,,,"X",,,,,,,,,,,,,,
2019,9,"Sensor Boost",325,"https://www.reddit.com/r/adventofcode/comments/e85b6d/2019_day_9_solutions/","0'14'46",59,59,,,,,,,,,,,,,,,,,"X",,,,
2019,10,"Monitoring Station",310,"https://www.reddit.com/r/adventofcode/comments/e8m1z3/2019_day_10_solutions/","0'42'46",24,35,,,"X",,,,"X",,,,,,,"X",,,,,,,
2019,11,"Space Police",296,"https://www.reddit.com/r/adventofcode/comments/e92jm2/2019_day_11_solutions/","0'15'57",70,74,,,,,,,"X",,,,,,,,,,,,,,
2019,12,"The N-Body Problem",267,"https://www.reddit.com/r/adventofcode/comments/e9j0ve/2019_day_12_solutions/","0'36'37",17,28,,,"X","X",,,,,,,,,"X",,,,,,,,"X"
2019,13,"Care Package",331,"https://www.reddit.com/r/adventofcode/comments/e9zgse/2019_day_13_solutions/","0'20'26",66,73,,,,,,,"X",,,,,,,,,,,,"X",,
2019,14,"Space Stoichiometry",236,"https://www.reddit.com/r/adventofcode/comments/eafj32/2019_day_14_solutions/","0'42'18",18,25,,,,,,,,,,,,,,"X","X",,,,,,
2019,15,"Oxygen System",180,"https://www.reddit.com/r/adventofcode/comments/eaurfo/2019_day_15_solutions/","0'38'50",80,91,,,,,,,"X",,,"X","X",,,,,,,,,,
2019,16,"Flawed Frequency Transmission",218,"https://www.reddit.com/r/adventofcode/comments/ebai4g/2019_day_16_solutions/","1'08'20",7,12,,,"X",,,,,,,,,,,,,,,,,,"X"
2019,17,"Set and Forget",206,"https://www.reddit.com/r/adventofcode/comments/ebr7dg/2019_day_17_solutions/","0'45'13",70,110,,"X",,,"X",,"X",,,,,,,,,,,,,,
2019,18,"Many-Worlds Interpretation",213,"https://www.reddit.com/r/adventofcode/comments/ec8090/2019_day_18_solutions/","1'57'26",46,54,,,,,,,"X",,"X","X",,,"X",,"X",,,,,,
2019,19,"Tractor Beam",169,"https://www.reddit.com/r/adventofcode/comments/ecogl3/2019_day_19_solutions/","0'27'59",65,80,,,,,"X",,,,,,,,,"X",,,,,,,
2019,20,"Donut Maze",134,"https://www.reddit.com/r/adventofcode/comments/ed5ei2/2019_day_20_solutions/","0'53'46",29,37,,,,,,,"X",,"X","X",,,,,,,,,,,
2019,21,"Springdroid Adventure",132,"https://www.reddit.com/r/adventofcode/comments/edll5a/2019_day_21_solutions/","0'33'30",66,69,,,,,,,,,,,,,,,,"X",,,,,
2019,22,"Slam Shuffle",168,"https://www.reddit.com/r/adventofcode/comments/ee0rqi/2019_day_22_solutions/","2'03'46",12,28,,,"X",,,,,,,,,,,,,,,,,,"X"
2019,23,"Category Six",152,"https://www.reddit.com/r/adventofcode/comments/eefva8/2019_day_23_solutions/","0'20'53",76,82,,,,,,,,,,,,,,,,,,,"X",,
2019,24,"Planet of Discord",102,"https://www.reddit.com/r/adventofcode/comments/eewjtt/2019_day_24_solutions/","0'42'18",25,44,,,,,,"X",,,,,,,"X",,,,,,,,
2019,25,"Cryostasis",120,"https://www.reddit.com/r/adventofcode/comments/efca4m/2019_day_25_solutions/","0'35'01",78,,,,,,,,,,,,,,,,,,,,"X",,
2020,1,"Report Repair",1406,"https://www.reddit.com/r/adventofcode/comments/k4e4lm/2020_day_1_solutions/","0'07'45",6,7,,,"X",,,,,,,,,,,,,,,,,,
2020,2,"Password Philosophy",1232,"https://www.reddit.com/r/adventofcode/comments/k52psu/2020_day_02_solutions/","0'04'32",6,6,,"X",,,,,,,,,,,,,,,,,,,
2020,3,"Toboggan Trajectory",1340,"https://www.reddit.com/r/adventofcode/comments/k5qsrk/2020_day_03_solutions/","0'04'56",7,14,,,,,,,"X",,,,,,,,,,,,,,
2020,4,"Passport Processing",1285,"https://www.reddit.com/r/adventofcode/comments/k6e8sw/2020_day_04_solutions/","0'12'55",7,33,"X",,,,,,,,,,,,,,,,,,,"X",
2020,5,"Binary Boarding",1350,"https://www.reddit.com/r/adventofcode/comments/k71h6r/2020_day_05_solutions/","0'05'49",4,5,,,,,,,,,,,,,,,,"X",,,,,
2020,6,"Custom Customs",1244,"https://www.reddit.com/r/adventofcode/comments/k7ndux/2020_day_06_solutions/","0'04'35",3,7,,,,,,,,,,,,,,,"X",,,,,"X",
2020,7,"Handy Haversacks",836,"https://www.reddit.com/r/adventofcode/comments/k8a31f/2020_day_07_solutions/","0'13'44",27,21,,,,,,,,"X",,"X","X","X",,,,,,,,"X",
2020,8,"Handheld Halting",956,"https://www.reddit.com/r/adventofcode/comments/k8xw8h/2020_day_08_solutions/","0'07'48",20,25,,,,,,,,,,,,,"X",,,,"X","X",,,
2020,9,"Encoding Error",1025,"https://www.reddit.com/r/adventofcode/comments/k9lfwj/2020_day_09_solutions/","0'06'26",9,19,,,"X",,,,,,,,,,,,,,,,,,
2020,10,"Adapter Array",1177,"https://www.reddit.com/r/adventofcode/comments/ka8z8x/2020_day_10_solutions/","0'08'42",9,6,,,,,,,,,,,,"X",,,,,,,,,
2020,11,"Seating System",726,"https://www.reddit.com/r/adventofcode/comments/kaw6oz/2020_day_11_solutions/","0'14'06",26,40,,,,,,"X","X",,,,,,"X",,,,,,,,
2020,12,"Rain Risk",692,"https://www.reddit.com/r/adventofcode/comments/kbj5me/2020_day_12_solutions/","0'10'58",14,16,,,,"X",,,"X",,,,,,,,,,,,,,
2020,13,"Shuttle Search",677,"https://www.reddit.com/r/adventofcode/comments/kc4njx/2020_day_13_solutions/","0'16'14",9,12,,,"X",,,,,,,,,,,"X",,,,,,,
2020,14,"Docking Data",606,"https://www.reddit.com/r/adventofcode/comments/kcr1ct/2020_day_14_solutions/","0'16'10",13,20,,,,,,,,,,,,,,,,"X",,,,,
2020,15,"Rambunctious Recitation",806,"https://www.reddit.com/r/adventofcode/comments/kdf85p/2020_day_15_solutions/","0'09'24",16,16,,,,,,,,,,,,,"X",,,,,,"X",,
2020,16,"Ticket Translation",510,"https://www.reddit.com/r/adventofcode/comments/ke2qp6/2020_day_16_solutions/","0'21'03",16,44,,,,,,,,,,,,,,,"X",,,,,"X",
2020,17,"Conway Cubes",682,"https://www.reddit.com/r/adventofcode/comments/keqsfa/2020_day_17_solutions/","0'13'16",23,25,,,,,,"X",,,,,,,,,,,,,,,
2020,18,"Operation Order",679,"https://www.reddit.com/r/adventofcode/comments/kfeldk/2020_day_18_solutions/","0'14'09",20,23,"X",,,,,,,,,,,,,,,,,,,,
2020,19,"Monster Messages",496,"https://www.reddit.com/r/adventofcode/comments/kg1mro/2020_day_19_solutions/","0'28'40",26,34,"X",,,,,,,,,,,,,,,,,,,,
2020,20,"Jurassic Jigsaw",332,"https://www.reddit.com/r/adventofcode/comments/kgo01p/2020_day_20_solutions/","1'13'47",63,79,,,,,"X",,,,,,,,,,,,,,,,
2020,21,"Allergen Assessment",332,"https://www.reddit.com/r/adventofcode/comments/khaiyk/2020_day_21_solutions/","0'16'05",23,22,,,,,,,,,,,,,,,"X",,,,,,
2020,22,"Crab Combat",558,"https://www.reddit.com/r/adventofcode/comments/khyjgv/2020_day_22_solutions/","0'20'53",13,26,,,,,,,,,,,,,"X",,,,,,"X",,
2020,23,"Crab Cups",448,"https://www.reddit.com/r/adventofcode/comments/kimluc/2020_day_23_solutions/","0'39'46",22,28,,,,,,,,,,,,,,,,,,,"X",,"X"
2020,24,"Lobby Layout",435,"https://www.reddit.com/r/adventofcode/comments/kj96iw/2020_day_24_solutions/","0'15'25",13,32,"X",,,,,"X","X",,,,,,,,,,,,,,
2020,25,"Combo Breaker",276,"https://www.reddit.com/r/adventofcode/comments/kjtg7y/2020_day_25_solutions/","0'07'31",6,,,,"X",,,,,,,,,,,,,,,,,,
2021,1,"Sonar Sweep",1888,"https://www.reddit.com/r/adventofcode/comments/r66vow/2021_day_1_solutions/","0'02'44",3,4,,,"X",,,,,,,,,,,,,,,,,,
2021,2,"Dive!",1596,"https://www.reddit.com/r/adventofcode/comments/r6zd93/2021_day_2_solutions/","0'02'57",9,9,,,"X",,,,,,,,,,,,,,,,,,
2021,3,"Binary Diagnostic",1205,"https://www.reddit.com/r/adventofcode/comments/r7r0ff/2021_day_3_solutions/","0'10'17",8,14,,,,,,,,,,,,,,,,"X",,,,,
2021,4,"Giant Squid",1243,"https://www.reddit.com/r/adventofcode/comments/r8i1lq/2021_day_4_solutions/","0'11'13",17,20,,,,,,,"X",,,,,,,,,,,,"X",,
2021,5,"Hydrothermal Venture",1195,"https://www.reddit.com/r/adventofcode/comments/r9824c/2021_day_5_solutions/","0'08'53",37,47,,,,,,,"X",,,,,,,,,,,,,,
2021,6,"Lanternfish",1715,"https://www.reddit.com/r/adventofcode/comments/r9z49j/2021_day_6_solutions/","0'05'47",8,15,,,,,,,,,,,,"X",,,,,,,,,"X"
2021,7,"The Treachery of Whales",1505,"https://www.reddit.com/r/adventofcode/comments/rar7ty/2021_day_7_solutions/","0'03'33",13,13,,,"X",,,,,,,,,,,"X",,,,,,,
2021,8,"Seven Segment Search",1199,"https://www.reddit.com/r/adventofcode/comments/rbj87a/2021_day_8_solutions/","0'20'51",13,45,,,,,,,,,,,,,,,"X",,,,,,
2021,9,"Smoke Basin",1061,"https://www.reddit.com/r/adventofcode/comments/rca6vp/2021_day_9_solutions/","0'10'31",11,29,,,,,"X",,,,,"X",,,,,,,,,,,
2021,10,"Syntax Scoring",1031,"https://www.reddit.com/r/adventofcode/comments/rd0s54/2021_day_10_solutions/","0'08'06",25,32,"X",,,,,,,,,,,,,,,,,,,,
2021,11,"Dumbo Octopus",848,"https://www.reddit.com/r/adventofcode/comments/rds32p/2021_day_11_solutions/","0'09'49",33,38,,,,,,"X",,,,,,,,,,,,,,,
2021,12,"Passage Pathing",811,"https://www.reddit.com/r/adventofcode/comments/rehj2r/2021_day_12_solutions/","0'12'40",24,32,,,,,,,,"X",,,"X",,,,,,,,,,
2021,13,"Transparent Origami",823,"https://www.reddit.com/r/adventofcode/comments/rf7onx/2021_day_13_solutions/","0'09'38",19,27,,,,"X",,,,,,,,,,,,,,,,,
2021,14,"Extended Polymerization",834,"https://www.reddit.com/r/adventofcode/comments/rfzq6f/2021_day_14_solutions/","0'14'08",22,23,"X",,,,,,,,,,,"X",,,,,,,,,"X"
2021,15,"Chiton",799,"https://www.reddit.com/r/adventofcode/comments/rgqzt5/2021_day_15_solutions/","0'14'25",30,28,,,,,,,,,"X",,,,,,,,,,,,
2021,16,"Packet Decoder",696,"https://www.reddit.com/r/adventofcode/comments/rhj2hm/2021_day_16_solutions/","0'27'29",26,30,"X",,,,,,,,,,,,,,,"X",,,,,
2021,17,"Trick Shot",627,"https://www.reddit.com/r/adventofcode/comments/ri9kdq/2021_day_17_solutions/","0'12'01",29,21,,,,,,,,,,,,,,"X",,,,,,,
2021,18,"Snailfish",605,"https://www.reddit.com/r/adventofcode/comments/rizw2c/2021_day_18_solutions/","0'43'50",51,53,"X",,,,,,,,,,,,,"X",,,,,,,
2021,19,"Beacon Scanner",464,"https://www.reddit.com/r/adventofcode/comments/rjpf7f/2021_day_19_solutions/","1'04'55",74,102,,,,"X",,,,,,"X",,,,"X",,,,,,,
2021,20,"Trench Map",490,"https://www.reddit.com/r/adventofcode/comments/rkf5ek/2021_day_20_solutions/","0'18'57",22,22,,,,,,"X",,,,,,,,,,,,,,,
2021,21,"Dirac Dice",556,"https://www.reddit.com/r/adventofcode/comments/rl6p8y/2021_day_21_solutions/","0'20'44",31,35,,,"X",,,,,,,,,"X",,,,,,,,,
2021,22,"Reactor Reboot",539,"https://www.reddit.com/r/adventofcode/comments/rlxhmg/2021_day_22_solutions/","0'43'54",24,25,,,,"X",,,,,,,,"X",,,,,,,,,"X"
2021,23,"Amphipod",327,"https://www.reddit.com/r/adventofcode/comments/rmnozs/2021_day_23_solutions/","1'10'38",67,77,,,,,,,"X",,,"X",,,,"X","X",,,,,,
2021,24,"Arithmetic Logic Unit",338,"https://www.reddit.com/r/adventofcode/comments/rnejv5/2021_day_24_solutions/","1'16'45",44,44,,,,,,,,,,,"X",,"X","X","X",,"X","X",,,
2021,25,"Sea Cucumber",255,"https://www.reddit.com/r/adventofcode/comments/ro2uav/2021_day_25_solutions/","0'09'34",28,,,,,,,"X",,,,,,,,,,,,,,,